"Name","Gross Import","Share","Code","Sector"
"Horses","682784768","0.019603331294480497","0101","Agriculture"
"Bovine","1541199360","0.04424914418260911","0102","Agriculture"
"Swine","570302784","0.016373877884921638","0103","Agriculture"
"Sheep","1470087","0.00004220744785669992","0104","Agriculture"
"Fowl","40804248","0.0011715246579228657","0105","Agriculture"
"Other live animals","321359104","0.009226493143164864","0106","Agriculture"
"Beef","4902118400","0.1407439877744441","0201","Agriculture"
"Beef (frozen)","2601027072","0.07467769901734038","0202","Agriculture"
"Pork","1545919232","0.04438465572126655","0203","Agriculture"
"Lamb","1349189376","0.038736374266511775","0204","Agriculture"
"Horse meat","1343910","0.00003858479889224079","0205","Agriculture"
"Edible offal","518627264","0.014890229763505795","0206","Agriculture"
"Poultry","386292160","0.011090776396670388","0207","Agriculture"
"Other meat","53871972","0.0015467101260861417","0208","Agriculture"
"Pig and poultry fat","17465612","0.0005014525723820103","0209","Agriculture"
"Preserved meat","381939072","0.01096579553854728","0210","Agriculture"
"Live Fish","110939360","0.0031851633627504087","0301","Agriculture"
"Fish, excluding fillets","2444752896","0.07019093453682408","0302","Agriculture"
"Frozen fish, excluding fillets","955687168","0.027438591260705806","0303","Agriculture"
"Fish fillets","6877250560","0.19745171163928413","0304","Agriculture"
"Preserved fish","367558592","0.01055291972932353","0305","Agriculture"
"Crustaceans","10636935168","0.3053954537782169","0306","Agriculture"
"Molluscs","788724992","0.022644965211661663","0307","Agriculture"
"Milk","63888304","0.0018342875351819263","0401","Agriculture"
"Milk, concentrated","113641936","0.003262756617842637","0402","Agriculture"
"Fermented milk products","92037888","0.0026424860287865867","0403","Agriculture"
"Whey","293772256","0.008434451278642079","0404","Agriculture"
"Butter","388279520","0.011147835192219558","0405","Agriculture"
"Cheese","1520769280","0.04366257921311533","0406","Agriculture"
"Eggs, in shell","78235776","0.002246215656657364","0407","Agriculture"
"Egg yolks","23773932","0.0006825698038542818","0408","Agriculture"
"Honey","608570816","0.0174725856248163","0409","Agriculture"
"Edible animal products, n.e.c.","42614668","0.0012235033556113198","0410","Agriculture"
"Human hair, unworked","1760664","0.00005055016061849993","0501","Agriculture"
"Brushmaking hair","6648393","0.0001908810164829352","0502","Agriculture"
"Animal guts, except fish","138011216","0.00396241936903037","0504","Agriculture"
"Feathers and down","135097776","0.003878772029190194","0505","Agriculture"
"Bones, simply prepared","30071074","0.0008633661054413546","0506","Agriculture"
"Whalebone & horns","12248296","0.0003516589934836688","0507","Agriculture"
"Coral and shells","22450232","0.00064456525124759","0508","Agriculture"
"Animal products used in pharmaceuticals","18267558","0.0005244771239758201","0510","Agriculture"
"Animal products n.e.c.","740807040","0.021269200062769215","0511","Agriculture"
"Flower bulbs","210450112","0.006042201671517847","0601","Agriculture"
"Other live plants","875074880","0.02512414392366434","0602","Agriculture"
"Cut flowers","2150165504","0.0617330800104721","0603","Agriculture"
"Other parts of plants","260142000","0.007468898031434622","0604","Agriculture"
"Potatoes","279436608","0.008022862634261167","0701","Agriculture"
"Tomatoes","2929363456","0.08410451580242684","0702","Agriculture"
"Onions, shallots, garlic","794988160","0.022824786090818987","0703","Agriculture"
"Cabbages, cauliflowers, broccoli","685070912","0.019668968432740276","0704","Agriculture"
"Lettuce","468114240","0.013439957890777017","0705","Agriculture"
"Carrots & turnips","192331248","0.00552199367872379","0706","Agriculture"
"Cucumbers","1034883712","0.02971239138363107","0707","Agriculture"
"Legumes","318770688","0.009152177518748453","0708","Agriculture"
"Other vegetables","4237271552","0.12165566941665218","0709","Agriculture"
"Frozen vegetables","1233431552","0.035412868704946344","0710","Agriculture"
"Vegetables, provisionally preserved","52874120","0.001518060946643902","0711","Agriculture"
"Vegetables, dried","412720736","0.01184956328713798","0712","Agriculture"
"Legumes, dried","542194496","0.01556686503459298","0713","Agriculture"
"Tubers","122376744","0.00351354038315604","0714","Agriculture"
"Cashew nuts & coconuts","1445972992","0.04151511418170242","0801","Agriculture"
"Other nuts","1007372480","0.028922520518768265","0802","Agriculture"
"Bananas and plantains","2651128832","0.07611616315091131","0803","Agriculture"
"Avocados, pineapples, mangos, etc.","4610742272","0.13237833136822658","0804","Agriculture"
"Citrus fruit","1665235968","0.0478103406726685","0805","Agriculture"
"Grapes","1696959232","0.048721142557947614","0806","Agriculture"
"Melons and papayas","787408832","0.0226071771388666","0807","Agriculture"
"Apples & pears","277645792","0.007971446784082948","0808","Agriculture"
"Peaches & cherries","217761440","0.006252116115576757","0809","Agriculture"
"Other fresh fruit","4401337344","0.12636613781811967","0810","Agriculture"
"Fruits and nuts, frozen","1398007552","0.04013798561194861","0811","Agriculture"
"Fruits and nuts, provisionally preserved","17785746","0.0005106438917475694","0812","Agriculture"
"Fruits, dried","313946400","0.009013668107940995","0813","Agriculture"
"Peel of citrus fruit or melons","7113785","0.00020424281654845872","0814","Agriculture"
"Coffee","6852349952","0.19673679400940228","0901","Agriculture"
"Tea","519926336","0.014927527225290095","0902","Agriculture"
"Mate","5246834","0.00015064106577893706","0903","Agriculture"
"Pepper","825121728","0.02368994645214204","0904","Agriculture"
"Vanilla","355618720","0.010210115851147835","0905","Agriculture"
"Cinnamon","187675328","0.005388318256367857","0906","Agriculture"
"Cloves","14631664","0.00042008751545776087","0907","Agriculture"
"Nutmeg","63911060","0.0018349408792924635","0908","Agriculture"
"Anise, fennel, etc.","98237712","0.002820488247839416","0909","Agriculture"
"Spices","428015328","0.012288684029195763","0910","Agriculture"
"Wheat and meslin","403877792","0.011595674845311259","1001","Agriculture"
"Rye","65878356","0.0018914236203402342","1002","Agriculture"
"Barley","66183660","0.001900189157795121","1003","Agriculture"
"Oats","379037824","0.010882498241394556","1004","Agriculture"
"Corn","299391872","0.008595795232635739","1005","Agriculture"
"Rice","954597888","0.027407317105637874","1006","Agriculture"
"Grain sorghum","700165","0.000020102332534459727","1007","Agriculture"
"Other cereals","106925256","0.0030699150235219343","1008","Agriculture"
"Wheat or meslin flour","209095184","0.0060033005364764636","1101","Agriculture"
"Cereal flours","192168464","0.005517320011660613","1102","Agriculture"
"Cereal meals","165394448","0.004748615245048536","1103","Agriculture"
"Worked cereal grains","398617024","0.011444633722543562","1104","Agriculture"
"Potato flour","81179416","0.002330730064178073","1105","Agriculture"
"Flour of dried legumes","125503904","0.003603323805932759","1106","Agriculture"
"Malt","290768800","0.008348219502896907","1107","Agriculture"
"Starches","380033344","0.010911080467133783","1108","Agriculture"
"Wheat gluten","409249504","0.011749901264660053","1109","Agriculture"
"Soya beans","413969664","0.011885421072042393","1201","Agriculture"
"Peanuts","13919683","0.0003996459355155799","1202","Agriculture"
"Copra","400421","0.00001149642740751237","1203","Agriculture"
"Linseed","124816072","0.003583575564315651","1204","Agriculture"
"Rape or colza seeds","257087600","0.0073812036101292815","1205","Agriculture"
"Sunflower seeds","132741320","0.003811116173620689","1206","Agriculture"
"Other oil seeds","336005376","0.009647000066724521","1207","Agriculture"
"Flours of oil seeds","28975016","0.0008318973482297618","1208","Agriculture"
"Seeds used for sowing","614077632","0.017630690994890615","1209","Agriculture"
"Hop cones","75706152","0.00217358800055466","1210","Agriculture"
"Plants used in perfumery, pharmacy or insecticide","475385568","0.013648723900821974","1211","Agriculture"
"Seaweeds & edible vegetable products","119583928","0.003433356260928338","1212","Agriculture"
"Cereal straw and husks","8455015","0.00024275067036176473","1213","Agriculture"
"Forage products","132329488","0.0037992921266998465","1214","Agriculture"
"Lac","112605224","0.003232991734755844","1301","Agriculture"
"Vegetable saps and extracts","1606720512","0.04613031217236136","1302","Agriculture"
"Vegetable materials used for plaiting","21901980","0.0006288244701221659","1401","Agriculture"
"Vegetable products n.e.c.","142977520","0.0041050061799609615","1404","Agriculture"
"Pig and poultry fat, rendered","36201264","0.0010393690731409964","1501","Agriculture"
"Bovine, sheep and goat fats","469977088","0.013493441840927557","1502","Agriculture"
"Lard oil, tallow oil etc.","8921","2.561294959615451e-7","1503","Agriculture"
"Fish oils","151954080","0.004362730850767885","1504","Agriculture"
"Wool grease","27052310","0.0007766948239990435","1505","Agriculture"
"Other animal fats and oils","24533420","0.0007043753501639828","1506","Agriculture"
"Soybean oil","213755840","0.006137111933419649","1507","Agriculture"
"Peanut oil","45083936","0.001294398139630373","1508","Agriculture"
"Olive oil","1474950272","0.04234707653129737","1509","Agriculture"
"Olive oil, blended","33175352","0.0009524925665403921","1510","Agriculture"
"Palm oil","1792472448","0.05146340820885516","1511","Agriculture"
"Sunflower seed oil","249962464","0.007176634896718513","1512","Agriculture"
"Coconut & palm kernel oil","1251894912","0.035942967470842156","1513","Agriculture"
"Rapeseed, colza or mustard oil,","2885604864","0.08284816941604113","1514","Agriculture"
"Other vegetable fats and oils","775900416","0.022276760729338995","1515","Agriculture"
"Vegetable fats, hydrogenated","226238432","0.006495497764296637","1516","Agriculture"
"Margarine","281410976","0.008079548418442604","1517","Agriculture"
"Animal or vegetable fats and oils, processed","131172248","0.003766066782242214","1518","Agriculture"
"Stearic acid","882947584","0.025350175950048646","1519","Agriculture"
"Glycerol","185427456","0.005323779939772624","1520","Agriculture"
"Vegetable waxes and beeswax","62320684","0.0017892798319581581","1521","Agriculture"
"Degras and wax residues","2525256","0.00007250224710838107","1522","Agriculture"
"Sausages","99890272","0.0028679346506918107","1601","Agriculture"
"Other prepared or preserved meat","1300054528","0.03732567099867329","1602","Agriculture"
"Extracts and juices of meat or fish","36262780","0.0010411352498110524","1603","Agriculture"
"Prepared or preserved fish","2194623744","0.06300951388588263","1604","Agriculture"
"Prepared aquatic invertibrates","4736728576","0.1359955052883676","1605","Agriculture"
"Sugarcane & sucrose","1734858368","0.049809258979992006","1701","Agriculture"
"Other sugars","814460288","0.023383847443799448","1702","Agriculture"
"Molasses","162540960","0.004666689178108471","1703","Agriculture"
"Confectionery sugar","2443554816","0.0701565366412382","1704","Agriculture"
"Cocoa beans","1282717696","0.036827915809599196","1801","Agriculture"
"Cocoa residues","260274","0.000007472687863680662","1802","Agriculture"
"Cocoa paste","406884896","0.011682011358238504","1803","Agriculture"
"Cocoa butter","534185568","0.015336921901330756","1804","Agriculture"
"Cocoa powder","327355232","0.009398647076845047","1805","Agriculture"
"Chocolates","3249746176","0.09330297613068475","1806","Agriculture"
"Malt extract","1069575936","0.030708434635161732","1901","Agriculture"
"Pasta","1281227008","0.03678511688951446","1902","Agriculture"
"Tapioca","50250336","0.0014427298768723556","1903","Agriculture"
"Cereal foods","866300416","0.024872221600869503","1904","Agriculture"
"Bakery products","7561811968","0.2171060517789283","1905","Agriculture"
"Pickled fruits and vegetables","473974272","0.013608204392568128","2001","Agriculture"
"Tomatoes, prepared or preserved","148849904","0.0042736073181755835","2002","Agriculture"
"Mushrooms, prepared or preserved","148081232","0.004251538091416279","2003","Agriculture"
"Other vegetables, frozen","1651354368","0.04741178813246675","2004","Agriculture"
"Other vegetables, prepared or preserved","1715863680","0.04926390533540208","2005","Agriculture"
"Vegetables, fruits and nuts, preserved by sugar","93719568","0.002690768491601138","2006","Agriculture"
"Jams, jellies and marmalades","464666656","0.013340974822488135","2007","Agriculture"
"Fruits and nuts, otherwise prepared","3858670592","0.11078571391218439","2008","Agriculture"
"Fruit juices","2490538752","0.07150548539653129","2009","Agriculture"
"Coffee extracts","703637760","0.020202038427116986","2101","Agriculture"
"Yeasts","379957824","0.010908912223715442","2102","Agriculture"
"Sauces and seasonings","1846585984","0.05301705384279495","2103","Agriculture"
"Soups and broths","414381952","0.011897258211110994","2104","Agriculture"
"Ice cream","259060448","0.007437845753818189","2105","Agriculture"
"Food preparations n.e.c.","7383818752","0.21199571519125268","2106","Agriculture"
"Waters","767886080","0.022046662327798082","2201","Agriculture"
"Waters, flavored or sweetened","3750336512","0.10767535035363066","2202","Agriculture"
"Beer","6384407040","0.1833017550911938","2203","Agriculture"
"Wine","6871591936","0.19728924773244008","2204","Agriculture"
"Wine, flavored","148273488","0.004257057924660936","2205","Agriculture"
"Other fermented beverages","597961152","0.01716797314946137","2206","Agriculture"
"Ethyl alcohol > 80%","447244000","0.012840755553393708","2207","Agriculture"
"Spirits < 80% alcohol","9984992256","0.28667761839583134","2208","Agriculture"
"Vinegars","158982752","0.004564530000710608","2209","Agriculture"
"Flours of fish, for animal feed","216138176","0.00620551082579618","2301","Agriculture"
"Cereal residues","58324072","0.0016745337029239846","2302","Agriculture"
"Starch residues","105369040","0.0030252347388355434","2303","Agriculture"
"Solid soybean residues","371900736","0.01067758637590042","2304","Agriculture"
"Solid peanut residues","3749948","0.00010766419584373995","2305","Agriculture"
"Solid vegetable oil and fat residues","1215040128","0.03488483528278122","2306","Agriculture"
"Wine lees","19026","5.462526387360562e-7","2307","Agriculture"
"Vegetable materials for animal feeding","65299512","0.00187480451688094","2308","Agriculture"
"Animal feed","2564533504","0.07362993764779902","2309","Agriculture"
"Unmanufactured tobacco","540130688","0.015507611351956347","2401","Agriculture"
"Cigars and cigarettes","1740504832","0.049971373762895836","2402","Agriculture"
"Other manufactured tobacco","165960992","0.004764881205048539","2403","Agriculture"
"Salt","706349248","0.020279887553307525","2501","Minerals"
"Unroasted iron pyrites","2187789","0.00006281328257372635","2502","Minerals"
"Sulphur, crude","314954560","0.00904261323882863","2503","Minerals"
"Natural graphite","71295592","0.0020469570724403058","2504","Minerals"
"Natural sands","70352448","0.0020198786061989475","2505","Minerals"
"Quartz","104765000","0.003007892236790861","2506","Minerals"
"Kaolin","27052296","0.0007766944220471385","2507","Minerals"
"Clays","49193084","0.001412375272919398","2508","Minerals"
"Chalk","2562859","0.00007358186121404658","2509","Minerals"
"Natural calcium phosphates","195348544","0.005608622812637789","2510","Minerals"
"Natural barium sulfate","181727184","0.005217541984130811","2511","Minerals"
"Siliceous fossil meals and earths","9912237","0.0002845887531287275","2512","Minerals"
"Natural abrasives","52461844","0.0015062241521055049","2513","Minerals"
"Slate","7037135","0.00020204212986922403","2514","Minerals"
"Marble","27072152","0.0007772645046916641","2515","Minerals"
"Granite","47528288","0.0013645775641021357","2516","Minerals"
"Gravel","252341456","0.00724493778001148","2517","Minerals"
"Dolomite","27655808","0.0007940217647628368","2518","Minerals"
"Natural magnesia","299040672","0.008585711981993245","2519","Minerals"
"Gypsum","145945552","0.004190220902543377","2520","Minerals"
"Limstone","20972200","0.0006021296956848689","2521","Minerals"
"Quicklime","55192500","0.0015846236078755273","2522","Minerals"
"Cements","1664141440","0.047778915843057934","2523","Minerals"
"Asbestos","209851","0.000006025000656543684","2524","Minerals"
"Mica","16792756","0.0004821343044597256","2525","Minerals"
"Natural steatite","106345624","0.003053273295912565","2526","Minerals"
"Natural borates","26359770","0.0007568114116984933","2528","Minerals"
"Feldspar","246596368","0.007079991418202858","2529","Minerals"
"Mineral substances n.e.c.","135211376","0.0038820335817898164","2530","Minerals"
"Iron ores and concentrates","1189927296","0.03416382452139494","2601","Minerals"
"Manganese > 47% by weight","116238016","0.0033372922822161206","2602","Minerals"
"Copper ore","104407712","0.002997634194491443","2603","Minerals"
"Nickel ore","178620","0.00000512833208930066","2604","Minerals"
"Cobalt ore","545534","0.00001566274503417616","2605","Minerals"
"Aluminum ore","195155664","0.005603085063822515","2606","Minerals"
"Lead ore","26527956","0.0007616401747752546","2607","Minerals"
"Zinc ore","21987216","0.0006312716681624953","2608","Minerals"
"Tin ore","2213709","0.00006355746781476696","2609","Minerals"
"Chromium ore","25223260","0.0007241812431685911","2610","Minerals"
"Tungsten ore","35894856","0.0010305718389073246","2611","Minerals"
"Uranium ore","38067348","0.0010929459316032656","2612","Minerals"
"Molybdenum ore","451336832","0.012958264240448441","2613","Minerals"
"Titanium ore","371525888","0.010666824171068878","2614","Minerals"
"Zirconium ore","100850520","0.0028955041873175344","2615","Minerals"
"Precious metal ores","8232594","0.00023636477431633677","2616","Minerals"
"Other ores","2393311","0.00006871399395911013","2617","Minerals"
"Granulated iron or steel slag","234269168","0.0067260670237832675","2618","Minerals"
"Iron or steel slag","13101201","0.0003761466213004025","2619","Minerals"
"Slag, ash and residues containing metals","2683608576","0.07704868422026227","2620","Minerals"
"Other slag and ash","39633176","0.001137902184983209","2621","Minerals"
"Coal","607210304","0.017433524168386567","2701","Minerals"
"Lignite","12764649","0.0003664839271938169","2702","Minerals"
"Peat","582607232","0.01672714905007409","2703","Minerals"
"Coke","41411224","0.0011889514550241721","2704","Minerals"
"Non-petroleum gases","708010","0.000020327569155445976","2705","Minerals"
"Tar distilled from coal, lignite etc.","17921918","0.0005145535056612648","2706","Minerals"
"Oils etc. from high temperature coal tar","1438686080","0.04130590074176563","2707","Minerals"
"Pitch and pitch coke","100710280","0.00289147777766462","2708","Minerals"
"Petroleum oils, crude","132599545856","3.807045717388977","2709","Minerals"
"Petroleum oils, refined","58708537344","1.685572029879864","2710","Minerals"
"Petroleum gases","14782401536","0.4244153182958021","2711","Minerals"
"Petroleum jelly","480542976","0.01379679747009762","2712","Minerals"
"Petroleum coke","1903530880","0.05465199022997829","2713","Minerals"
"Bitumen and asphalt, natural","194634512","0.005588122346741543","2714","Minerals"
"Bituminous mixtures","127586952","0.003663129885330103","2715","Minerals"
"Electrical energy","2776744192","0.07972268695338054","2716","Minerals"
"Iodine","202683664","0.005819220345248197","2801","Chemicals"
"Sulfur, sublimed or precipitated","12144539","0.0003486800417840295","2802","Chemicals"
"Carbon","320643680","0.009205952711764933","2803","Chemicals"
"Silicon & rare gases","676458688","0.01942170415830603","2804","Chemicals"
"Rare-earth metals","81214608","0.0023317404564235475","2805","Chemicals"
"Hydrochloric acid","35725588","0.0010257120106904858","2806","Chemicals"
"Sulfiric acid, oleum","242996096","0.006976624547595923","2807","Chemicals"
"Sulfonitric acids","9743585","0.00027974661079570355","2808","Chemicals"
"Phosphoric acid etc.","233343520","0.006699490882579612","2809","Chemicals"
"Oxides of boron; boric acids","25593916","0.0007348230921154719","2810","Chemicals"
"Other inorganic acids","661129472","0.01898158933176577","2811","Chemicals"
"Halides of nonmetals","50619556","0.0014533304970381353","2812","Chemicals"
"Sulfides of nonmetals","6316279","0.00018134574113019754","2813","Chemicals"
"Ammonia","1537868672","0.044153517297882604","2814","Chemicals"
"Sodium hydroxide","304989792","0.008756516276020232","2815","Chemicals"
"Hydroxides or peroxides of magnesium","29226572","0.0008391197349001018","2816","Chemicals"
"Zinc oxide or peroxide","302961600","0.008698285159029621","2817","Chemicals"
"Aluminum oxide","949703104","0.02726678369472423","2818","Chemicals"
"Chromium oxides and hydroxides","24710006","0.0007094452843836739","2819","Chemicals"
"Manganese oxides","34552912","0.0009920434855468696","2820","Chemicals"
"Iron oxides and hydroxides","234313040","0.00672732662620977","2821","Chemicals"
"Cobalt oxides and hydroxides","90141808","0.002588047959657255","2822","Chemicals"
"Titanium oxides","74936952","0.0021515036144663714","2823","Chemicals"
"Lead oxides","5796471","0.0001664216114320943","2824","Chemicals"
"Metal base oxides, n.e.c.","603650368","0.0173313153786393","2825","Chemicals"
"Flourides","208134672","0.005975723420186247","2826","Chemicals"
"Chlorides, bromides, iodides etc.","349992320","0.01004857712274541","2827","Chemicals"
"Hyopchlorites","42816276","0.0012292916927284386","2828","Chemicals"
"Sodium chlorate","180811456","0.005191250654562615","2829","Chemicals"
"Sulfides; polysulfides","27308400","0.0007840473856648647","2830","Chemicals"
"Dithionites and sulfoxylates","13874438","0.0003983469130915489","2831","Chemicals"
"Sulfites","28965608","0.0008316272365496804","2832","Chemicals"
"Sulfates","438336096","0.012585002054728333","2833","Chemicals"
"Nitrites, nitrates","110743552","0.0031795415485653135","2834","Chemicals"
"Phosphates","432670848","0.012422347967211556","2835","Chemicals"
"Carbonates","345571680","0.009921656789259539","2836","Chemicals"
"Cyanides","12035580","0.0003455517362408758","2837","Chemicals"
"Silicates","67477200","0.0019373277911552932","2839","Chemicals"
"Borates","118880104","0.0034131488753924516","2840","Chemicals"
"Salts of oxometallic acids","873512256","0.02507927965984891","2841","Chemicals"
"Other salts of acids","232054256","0.006662475016815532","2842","Chemicals"
"Compounds of precious metals","142960352","0.004104513272082173","2843","Chemicals"
"Uranium","3003156224","0.08622316892129772","2844","Chemicals"
"Non-radioactive isotopes","134789840","0.00386993092477719","2845","Chemicals"
"Compounds of rare-earth metals","133502984","0.003832984194740749","2846","Chemicals"
"Hydrogen peroxide","40140712","0.0011524739751258316","2847","Chemicals"
"Carbides","281392000","0.008079003601346385","2849","Chemicals"
"Hydrides, nitrides, azides, silicides and borides","44379356","0.0012741690486916233","2850","Chemicals"
"Inorganic compounds, liquid or compressed air","97848040","0.002809300433362303","2851","Chemicals"
"Acyclic hydrocarbons","1828886144","0.05250887638535745","2901","Chemicals"
"Cyclic hydrocarbons","2640677120","0.07581608561179068","2902","Chemicals"
"Halogenated derivatives of hydrocarbons","981860224","0.028190041954692272","2903","Chemicals"
"Sulfonated, nitrated derivatives of hydrocarbons","143545504","0.004121313483585467","2904","Chemicals"
"Acyclic alcohols","2229405440","0.0640081259546157","2905","Chemicals"
"Cyclic alcohols","330954304","0.009501979494431562","2906","Chemicals"
"Phenols, phenol-alcohols","311960320","0.008956646062280273","2907","Chemicals"
"Derivatives of phenols","43051064","0.00123603265586013","2908","Chemicals"
"Ethers","676370048","0.019419159228531113","2909","Chemicals"
"Epoxides","199491584","0.005727573014066835","2910","Chemicals"
"Acetals and hemiacetals","10821916","0.00031070641076316334","2911","Chemicals"
"Aldehydes","398420864","0.011439001802139144","2912","Chemicals"
"Derivatives of aldehydes","5478450","0.00015729095809332213","2913","Chemicals"
"Ketones and quinones","1014999552","0.029141500241559704","2914","Chemicals"
"Saturated acyclic monocarboxylic acids","1840408448","0.052839691531174696","2915","Chemicals"
"Unsaturated acyclic monocarboxylic acids","1541107200","0.04424649819064097","2916","Chemicals"
"Polycarboxylic acids","1419488896","0.04075473326482346","2917","Chemicals"
"Carboxylic acids with additional oxygen function","1456258432","0.04181041791031387","2918","Chemicals"
"Phosporic esters","198695744","0.005704723770925255","2919","Chemicals"
"Esters of other inorganic acids of nonmetals","253166704","0.007268631351840117","2920","Chemicals"
"Amine-function compounds","949474624","0.027260223839636534","2921","Chemicals"
"Oxygen-function amino-compounds","2175524608","0.06246116145039547","2922","Chemicals"
"Quaternary ammonium salts and hydroxides","265210992","0.007614433102165831","2923","Chemicals"
"Carboxyamide-function compounds","1325094528","0.03804459069140696","2924","Chemicals"
"Carboxyimide-function compounds","289330112","0.008306913547030309","2925","Chemicals"
"Nitrile-function compounds","395978592","0.011368882096236108","2926","Chemicals"
"Diazo-, azo-, or azoxy-compounds","65036296","0.0018672473616955334","2927","Chemicals"
"Organix derivatives of hydrazine","159832096","0.004588915389189249","2928","Chemicals"
"Isocyanates","416752416","0.011965316248272186","2929","Chemicals"
"Organo-sulfur compounds","908361472","0.02607983028519753","2930","Chemicals"
"Other organo-inorganic compounds","1456064512","0.04180485030221423","2931","Chemicals"
"Heterocyclic compounds with oxygen hetero-atom(s) only","2873048064","0.08248765301038145","2932","Chemicals"
"Heterocyclic compounds with nitrogen hetero-atom(s) only","10971406336","0.31499840542864954","2933","Chemicals"
"Nucleic acids and their salts","8244076032","0.2366944332187888","2934","Chemicals"
"Sulfonamides","2978509056","0.08551552776932826","2935","Chemicals"
"Vitamins","1555773824","0.04466758943742693","2936","Chemicals"
"Hormones","6182525440","0.17750556268541978","2937","Chemicals"
"Glycosides","405727680","0.011648786702841281","2938","Chemicals"
"Vegetable alkaloids","393886368","0.011308812566075964","2939","Chemicals"
"Other sugars, chemically pure","261977200","0.007521588183994719","2940","Chemicals"
"Antibiotics","548836160","0.01575755285576392","2941","Chemicals"
"Other organic compounds","137048304","0.003934773346699317","2942","Chemicals"
"Heparin for therapeutic use","438605504","0.012592736987499098","3001","Chemicals"
"Serums and vaccines","59468718080","1.7073974652291923","3002","Chemicals"
"Medicaments, not packaged","850004480","0.024404351421080064","3003","Chemicals"
"Medicaments, packaged","81000464384","2.325592211111423","3004","Chemicals"
"Wadding, gauze and bandages","1632241536","0.04686304247317321","3005","Chemicals"
"Pharmaceutical goods","3470939136","0.09965361410345039","3006","Chemicals"
"Animal or vegetable fertilizers","88409952","0.0025383249012156032","3101","Chemicals"
"Nitrogenous fertilizers","3823927040","0.10978819699012701","3102","Chemicals"
"Phosphatic fertilizers","251122432","0.007209938564375898","3103","Chemicals"
"Potassic fertilizers","3891633408","0.11173210438943505","3104","Chemicals"
"Mixed fertilizers","1873272320","0.05378324124204845","3105","Chemicals"
"Vegetable tanning extracts","25560542","0.0007338648961959315","3201","Chemicals"
"Synthetic tanning substances","9652415","0.00027712904256940447","3202","Chemicals"
"Coloring matter of animal or vegetable origin","211259440","0.006065438166608932","3203","Chemicals"
"Synthetic organic coloring matter","937033344","0.02690302411140916","3204","Chemicals"
"Color lakes","14465914","0.00041532869201244915","3205","Chemicals"
"Other coloring matter","1044000064","0.029974129601629953","3206","Chemicals"
"Prepared pigments","229344448","0.006584674124853579","3207","Chemicals"
"Paints and varnishes, nonaqueous","766412800","0.02200436320619622","3208","Chemicals"
"Paints and varnishes, aqueous","374618048","0.01075560271408339","3209","Chemicals"
"Other paints and varnishes","15180153","0.0004358351010547177","3210","Chemicals"
"Prepared driers","13612892","0.0003908377050262246","3211","Chemicals"
"Pigments, nonaqueous","254607520","0.007309998404396258","3212","Chemicals"
"Artists' colors","226265856","0.006496285130656602","3213","Chemicals"
"Glaziers' putty","501442176","0.014396831273707028","3214","Chemicals"
"Ink","655545856","0.018821278968384668","3215","Chemicals"
"Essential oils","1200637568","0.03447132553798177","3301","Chemicals"
"Mixtures of odoriferous subtances","3528732160","0.10131290096671836","3302","Chemicals"
"Perfumes","2720253696","0.07810079677659569","3303","Chemicals"
"Make-up preparations","5264794624","0.15115673056677192","3304","Chemicals"
"Hair products","1608655488","0.046185866978725856","3305","Chemicals"
"Dental hygiene products","348156448","0.009995867676493879","3306","Chemicals"
"Toiletries","1270550144","0.03647857504501609","3307","Chemicals"
"Soap","746363520","0.021428731328515256","3401","Chemicals"
"Cleaning products","2284213248","0.06558170472804885","3402","Chemicals"
"Lubricants","358413792","0.010290364745053925","3403","Chemicals"
"Artificial and prepared waxes","256819392","0.007373503130378934","3404","Chemicals"
"Polishes and creams","137076240","0.003935575413014661","3405","Chemicals"
"Candles","1137856384","0.03266882435943799","3406","Chemicals"
"Modeling pastes","270798848","0.007774865199552412","3407","Chemicals"
"Casein","612210624","0.017577087607602623","3501","Chemicals"
"Albumins","128466512","0.003688382800862884","3502","Chemicals"
"Gelatin","317451680","0.009114307677451599","3503","Chemicals"
"Peptones","693955072","0.019924040220974975","3504","Chemicals"
"Dextrins and other modified starches","228403424","0.006557656525614962","3505","Chemicals"
"Glues and adhesives","661523712","0.018992908297407275","3506","Chemicals"
"Enzymes","1119308288","0.032136292750927026","3507","Chemicals"
"Propellant powders","132498456","0.003804143341661581","3601","Chemicals"
"Prepared explosives, except gunpowder","109226440","0.003135983972970962","3602","Chemicals"
"Detonators","299028352","0.008585358264316948","3603","Chemicals"
"Fireworks","621867200","0.01785433611602033","3604","Chemicals"
"Matches","16140145","0.00046339728770275224","3605","Chemicals"
"Ferrocerium and other pyrophoric alloys","42022232","0.0012064940142740847","3606","Chemicals"
"Photographic plates","472217408","0.013557763333180956","3701","Chemicals"
"Photographic film in rolls","193093376","0.005543875021678412","3702","Chemicals"
"Photographic paper","7366202","0.00021148992326094893","3703","Chemicals"
"Photographic film, not developed","24756384","0.0007107768362011501","3704","Chemicals"
"Photographic film, developed","274742784","0.007888098955833613","3705","Chemicals"
"Motion-picture film","2484063","0.0000713195610499634","3706","Chemicals"
"Chemical preparations for photographic uses","559338880","0.01605909487793915","3707","Chemicals"
"Artificial graphite","368817984","0.010589077944565992","3801","Chemicals"
"Activated carbon","261274576","0.007501415251479252","3802","Chemicals"
"Tall oil","7561531","0.00021709798494872748","3803","Chemicals"
"Residual lyes","30765558","0.0008833053316349827","3804","Chemicals"
"Turpentines","30890940","0.0008869051554734146","3805","Chemicals"
"Rosin and resin acids","72255416","0.0020745144356654815","3806","Chemicals"
"Wood tar and oils","2209017","0.00006342275650493044","3807","Chemicals"
"Insecticides, rodenticides, fungicides, etc.","2485321216","0.07135568550124587","3808","Chemicals"
"Finishing agents","214505856","0.006158645530554845","3809","Chemicals"
"Pickling preparations for metal surfaces","90428056","0.002596266383147895","3810","Chemicals"
"Anti-knock","611408320","0.01755405277752439","3811","Chemicals"
"Stabilizers for rubber or plastic","564791552","0.016215645727732184","3812","Chemicals"
"Preparations for fire extinguishers","10708899","0.00030746159658929427","3813","Chemicals"
"Organic composite solvents and thinners","92145152","0.002645565669438399","3814","Chemicals"
"Catalytic preparations","2649115136","0.07605834822640735","3815","Chemicals"
"Refractory cements","111081448","0.0031892428300547677","3816","Chemicals"
"Mixed alkylbenzenes","123950688","0.0035587296537974147","3817","Chemicals"
"Chemical elements for electronics","1682500352","0.04830601581805652","3818","Chemicals"
"Hydraulic fluids","35593108","0.0010219083972362784","3819","Chemicals"
"Antifreezing preparation","43365888","0.0012450715206103371","3820","Chemicals"
"Prepared culture media for micro-organisms","377430784","0.010836358756450039","3821","Chemicals"
"Diagnostic or laboratory reagents","5740799488","0.1648232349823715","3822","Chemicals"
"Industrial monocarboxylic fatty acids","5224780800","0.15000789965402517","3823","Chemicals"
"Polymers of ethylene","6083584512","0.17466488450824147","3901","Chemicals"
"Polymers of propylene","1669641984","0.04793684113867887","3902","Chemicals"
"Polymers of styrene","1601851520","0.045990519271699906","3903","Chemicals"
"Polymers of vinyl chloride","1352844032","0.03884130254800408","3904","Chemicals"
"Polymers of vinyl acetate","383705664","0.011016515897086647","3905","Chemicals"
"Acrylic polymers","1276008192","0.036635280244340596","3906","Chemicals"
"Polyacetals","5163922944","0.14826061885786102","3907","Chemicals"
"Polyamides","734640576","0.02109215563768402","3908","Chemicals"
"Amino-resins","1468541568","0.04216307718982369","3909","Chemicals"
"Silicones in primary forms","735484160","0.021116375651664656","3910","Chemicals"
"Petroleum resins","587872896","0.0168783307411651","3911","Chemicals"
"Cellulose n.e.c.","484800224","0.013919026680323299","3912","Chemicals"
"Natural polymers","416902560","0.011969627010186954","3913","Chemicals"
"Ion-exchangers based on polymers","399527424","0.0114707720807011","3914","Chemicals"
"Plastic waste","346844576","0.009958202715825112","3915","Chemicals"
"Monofilament","786019008","0.022567274109991445","3916","Chemicals"
"Plastic tubes and fittings","3251768064","0.09336102625447476","3917","Chemicals"
"Plastic floor coverings","5381544448","0.15450871729188337","3918","Chemicals"
"Self-adhesive plastic sheets","1826207616","0.0524319735687944","3919","Chemicals"
"Other plates of plastics, noncellular and not reinforced","6564842496","0.18848221046602529","3920","Chemicals"
"Other plastic plates, sheets etc.","3269812480","0.09387909678188205","3921","Chemicals"
"Baths, sinks etc.","630101184","0.01809074079841865","3922","Chemicals"
"Packing lids","10360248320","0.2974515390918108","3923","Chemicals"
"Plastic household articles","7781612544","0.22341671322304188","3924","Chemicals"
"Plastic builders' ware","2545354496","0.0730792920192728","3925","Chemicals"
"Other articles of plastic","18588848128","0.5337016367593713","3926","Chemicals"
"Natural rubber","2027499392","0.058211231625972325","4001","Chemicals"
"Synthetic rubber","1623277952","0.04660569035436041","4002","Chemicals"
"Reclaimed rubber","81182240","0.002330811143619458","4003","Chemicals"
"Scrap of rubber","32865766","0.000943604089224312","4004","Chemicals"
"Compounded rubber","646170816","0.01855211359793076","4005","Chemicals"
"Unvulcanized rubber rods","21257874","0.0006103316391474089","4006","Chemicals"
"Vulcanized rubber thread and cord","14598252","0.0004191282285259072","4007","Chemicals"
"Vulcanized rubber plates","425821728","0.01222570390787066","4008","Chemicals"
"Vulcanized rubber tubes","1823859840","0.052364566923405936","4009","Chemicals"
"Conveyor belts of vulcanized rubber","675034752","0.019380821744903777","4010","Chemicals"
"New pneumatic tires of rubber","16527922176","0.4745307001715641","4011","Chemicals"
"Used pneumatic tires of rubber","372956256","0.010707891252660574","4012","Chemicals"
"Rubber inner tubes","115036928","0.0033028080243923947","4013","Chemicals"
"Rubber hygenic or pharmeceutical items","79174096","0.00227315562175664","4014","Chemicals"
"Vulcanized rubber articles of apparel","10306668544","0.2959132181613532","4015","Chemicals"
"Other articles of vulcanized rubber","4552744448","0.13071316452280718","4016","Chemicals"
"Hard rubber","37540640","0.0010778236970377555","4017","Chemicals"
"Raw hides of bovines or equines","4586820","0.00013169150259683155","4101","Agriculture"
"Raw skins of sheep or lambs","543235","0.000015596738789224297","4102","Agriculture"
"Other raw hides and skins","1551700","0.00004455062648621562","4103","Agriculture"
"Tanned hides of bovines or equines","573426624","0.016463565987675198","4104","Agriculture"
"Tanned sheepskins","8582481","0.00024641032761232347","4105","Agriculture"
"Tanned skins of other animals","4317089","0.0001239472962214024","4106","Agriculture"
"Bovine leather further prepared","21335970","0.000612573841716248","4107","Agriculture"
"Chamois leather","7238761","0.00020783098378164894","4108","Agriculture"
"Patent leather","21803172","0.0006259876084209028","4109","Agriculture"
"Waste of leather","1179791","0.00003387280284384792","4110","Agriculture"
"Composition leather","8392536","0.00024095684514282274","4111","Agriculture"
"Saddlery and harnesses","803617984","0.02307255567621937","4201","Agriculture"
"Trunks or cases","11960649728","0.34340042441488977","4202","Agriculture"
"Leather apparel","1359238656","0.03902489764070485","4203","Agriculture"
"Other articles of leather","350194560","0.010054383605119949","4205","Agriculture"
"Articles of gut","7997761","0.00022962251919637965","4206","Agriculture"
"Other raw furskins","34209248","0.0009821765998726034","4301","Agriculture"
"Other tanned furskins","37056676","0.0010639286790595545","4302","Agriculture"
"Furskin apparel","125411256","0.0036006638030696447","4303","Agriculture"
"Artificial fur","5623596","0.00016145822317804742","4304","Agriculture"
"Fuel wood","171600816","0.004926805347906047","4401","Agriculture"
"Wood charcoal","108765528","0.0031227507975150007","4402","Agriculture"
"Wood in the rough","159925696","0.004591602724781895","4403","Agriculture"
"Strips and other pieces of wood","23781612","0.0006827903031849605","4404","Agriculture"
"Wood wool or flour","1480571","0.000042508452411756624","4405","Agriculture"
"Wooden railway ties","3260455","0.00009361043557396026","4406","Agriculture"
"Wood sawn lengthwise","14156079104","0.4064330686805606","4407","Agriculture"
"Sheets for veneering for plywood","492239072","0.014132602332018686","4408","Agriculture"
"Wood shaped along its edges","1751870464","0.05029769072236724","4409","Agriculture"
"Particle board and similar board","4413016576","0.12670145850026046","4410","Agriculture"
"Fiberboard of wood","1507372800","0.04327795488063479","4411","Agriculture"
"Plywood","4562504704","0.13099338977218905","4412","Agriculture"
"Densified wood","40535552","0.0011638101672775474","4413","Agriculture"
"Wooden frames","323634816","0.009291830769833807","4414","Agriculture"
"Packing boxes","327388608","0.009399605330186288","4415","Agriculture"
"Casks, barrels, etc. of wood","190445024","0.005467838583735496","4416","Agriculture"
"Wooden tools","54267232","0.001558058376795004","4417","Agriculture"
"Wood carpentry for construction","3413449984","0.0980030516636996","4418","Agriculture"
"Wooden kitchenware","500735520","0.014376542579042955","4419","Agriculture"
"Wood marquetry, ornaments, etc.","998531072","0.02866867617680768","4420","Agriculture"
"Other articles of wood","2330031872","0.06689719638490027","4421","Agriculture"
"Natural cork, raw","5944061","0.00017065904583507205","4501","Agriculture"
"Natural cork, debacked","830442","0.000023842695985348892","4502","Agriculture"
"Articles of natural cork","158203728","0.004542163559228493","4503","Agriculture"
"Agglomerated cork","141231744","0.004054883466482454","4504","Agriculture"
"Products of plaiting materials","71523368","0.0020534967150893516","4601","Agriculture"
"Basketwork","934116352","0.026819274790628546","4602","Agriculture"
"Mechanical woodpulp","9816336","0.0002818353538694283","4701","Agriculture"
"Chemical woodpulp, dissolving grade","198456336","0.005697850163664952","4702","Agriculture"
"Chemical woodpulp, soda or sulfate","3414462720","0.09803212817543842","4703","Agriculture"
"Chemical woodpulp, sulfite","164924224","0.004735114714154126","4704","Agriculture"
"Semichemical woodpulp","42337464","0.0012155445930512342","4705","Agriculture"
"Pulps of recovered paper fibers","31060470","0.0008917725059330448","4706","Agriculture"
"Paper waste","147213088","0.00422661293895108","4707","Agriculture"
"Newsprint","1470203904","0.04221080426994909","4801","Agriculture"
"Paper used for graphic purposes","982374208","0.028204798872397942","4802","Agriculture"
"Tissue","403494144","0.011584659984996647","4803","Agriculture"
"Uncoated kraft paper and paperboard","844012352","0.024232312330801278","4804","Agriculture"
"Other uncoated paper and paperboard","993649856","0.028528532314711565","4805","Agriculture"
"Transparent paper","264972016","0.0076075718979928784","4806","Agriculture"
"Uncoated composite paper","85523192","0.0024554435668627337","4807","Agriculture"
"Corrugated paper and paperboard","79266968","0.0022758220558502327","4808","Agriculture"
"Carbon paper","74323224","0.00213388296170351","4809","Agriculture"
"Paper and paperboard, coated with kaolin","2194586624","0.06300844813911768","4810","Agriculture"
"Cellulose wadding, coated","1703250944","0.04890178295961729","4811","Agriculture"
"Filter blocks of paper pulp","23051722","0.0006618345406238829","4812","Agriculture"
"Cigarette paper","274022080","0.00786740693114384","4813","Agriculture"
"Wallpaper","116688784","0.0033502342148061435","4814","Agriculture"
"Other carbon paper","22127448","0.0006352978481286066","4816","Agriculture"
"Letterstock","222337152","0.006383488698047913","4817","Agriculture"
"Toilet paper","2985791232","0.08572460523467781","4818","Agriculture"
"Cardboard packing containers","3624670464","0.10406737125557895","4819","Agriculture"
"Notebooks","906741120","0.02603330860141317","4820","Agriculture"
"Paper labels","462722912","0.01328516827938778","4821","Agriculture"
"Bobbins, spools, cops of paper","27300350","0.000783816263319557","4822","Agriculture"
"Other paper cut to size","1671288192","0.047984105170209845","4823","Agriculture"
"Books, brochures etc.","2046155648","0.05874686860005702","4901","Agriculture"
"Newspapers, journals and periodicals","90392440","0.0025952438175018727","4902","Agriculture"
"Children's books","546212736","0.0156822321218985","4903","Agriculture"
"Music, printed or in manuscript","7283118","0.00020910451097057016","4904","Agriculture"
"Maps","20939392","0.000601187750106626","4905","Agriculture"
"Architectural, engineering, etc. drawings","7057393","0.0002026237542755898","4906","Agriculture"
"Unused stamps","102140312","0.0029325352124105995","4907","Agriculture"
"Transfers (decalcomanias)","147468608","0.004233949135432203","4908","Agriculture"
"Printed or illustrated postcards","368740512","0.01058685365756777","4909","Agriculture"
"Calendars","137848144","0.003957737433242292","4910","Agriculture"
"Other printed matter","1510913408","0.04337960874706651","4911","Agriculture"
"Silkworm cocoons","93852","0.000002694570726934529","5001","Textiles"
"Raw silk","131628","0.0000037791518097103754","5002","Textiles"
"Silk waste","1036194","0.00002975001086631289","5003","Textiles"
"Silk yarn","8529111","0.00024487802952920864","5004","Textiles"
"Yarn from silk waste","2372693","0.0000681220336466188","5005","Textiles"
"Silk yarn, for retail sale","1985897","0.00005701679157510868","5006","Textiles"
"Woven silk fabrics","45523360","0.0013070143763340392","5007","Textiles"
"Wool","16223613","0.0004657937249596649","5101","Textiles"
"Animal hair","7230297","0.0002075879751442968","5102","Textiles"
"Wool or animal hair waste","1138813","0.00003269628961825525","5103","Textiles"
"Garnetted stock of wool or animal hair","1089207","0.00003127205917585323","5104","Textiles"
"Wool, combed","8598180","0.0002468610592519491","5105","Textiles"
"Yarn of carded wool, not for retail sale","19277130","0.0005534627945841475","5106","Textiles"
"Yarn of combed wool, not for retail sale","64798680","0.0018604252042790557","5107","Textiles"
"Yarn of animal hair, not for retail sale","19921106","0.0005719518931483592","5108","Textiles"
"Yarn of wool or animal hair, for retail sale","58263836","0.001672804276142375","5109","Textiles"
"Yarn of coarse animal hair or of horsehair","113992","0.000003272807252959136","5110","Textiles"
"Woven fabrics of carded wool","31275020","0.0008979324188753776","5111","Textiles"
"Woven fabrics of combed wool","52427376","0.0015052345465156828","5112","Textiles"
"Woven fabrics of coarse animal hair","386227","0.00001108890559766166","5113","Textiles"
"Raw cotton","14061120","0.0004037067120563615","5201","Textiles"
"Cotton waste","22409988","0.0006434098117861534","5202","Textiles"
"Cotton, carded or combed","1448060","0.000041575033956067146","5203","Textiles"
"Cotton sewing thread","14988952","0.00043034555775717893","5204","Textiles"
"Cotton yarn of > 85%","131035968","0.003762154067556681","5205","Textiles"
"Cotton yarn of < 85%","19581794","0.0005622099570948109","5206","Textiles"
"Cotton yarn for retail sale","68561656","0.001968463445081139","5207","Textiles"
"Woven fabrics of cotton of > 85% weighing < 200 g/m2","476233888","0.013673079889389858","5208","Textiles"
"Woven fabrics of cotton of < 85% weighing > 200 g/m2","161444592","0.0046352115205332695","5209","Textiles"
"Woven fabrics of cotton of < 85% weighing < 200 g/m2","66735072","0.0019160206652076473","5210","Textiles"
"Woven fabrics of cotton of < 85% weighing > 200 g/m2","49421808","0.0014189421334545743","5211","Textiles"
"Other woven cotton fabrics","24610352","0.0007065841333030157","5212","Textiles"
"Flax, raw or processed","21877886","0.0006281327108938622","5301","Textiles"
"Hemp fiber","1568859","0.00004504327596735048","5302","Textiles"
"Textile bast fibers","3958583","0.00011365428410625951","5303","Textiles"
"Vegetable textile fibers","97516960","0.0027997948450288255","5305","Textiles"
"Flax yarn","2093433","0.000060104241578216035","5306","Textiles"
"Yarn of textile bast fibers","8842136","0.00025386524345963823","5307","Textiles"
"Yarn of other vegetable textile fibers","10651009","0.0003057995254626029","5308","Textiles"
"Woven fabrics of flax","135484032","0.003889861767402516","5309","Textiles"
"Woven fabrics of jute or of other textile bast fibers","55835728","0.0016030912307236779","5310","Textiles"
"Woven fabrics of vegetable textile fibers","10880340","0.000312383813483941","5311","Textiles"
"Synthetic sowing thread","48895748","0.0014038385035200906","5401","Textiles"
"Synthetic filament yarn","1156236544","0.03319653438258479","5402","Textiles"
"Artificial filament yarn","20089558","0.0005767882933113133","5403","Textiles"
"Synthetic monofilament >67 dtex, thickness < 1mm","202953008","0.0058269534405245415","5404","Textiles"
"Artificial monofilament >67dtex t<1mm, strip, straws t<5mm","5948510","0.0001707867804082738","5405","Textiles"
"Synthetic filament yarn for retail sale","32527006","0.0009338780015601563","5406","Textiles"
"Woven fabrics of synthetic filament yarn","925565824","0.026573781860817415","5407","Textiles"
"Woven fabrics of artificial filament yarn","25374836","0.0007285331190210592","5408","Textiles"
"Synthetic filament tow","100671352","0.0028903601216822426","5501","Textiles"
"Artificial filament tow","3320417","0.00009533199558257435","5502","Textiles"
"Synthetic staple fibers","881876352","0.02531941996840782","5503","Textiles"
"Artificial staple fibers, not processed for spinning","243013936","0.006977136749166146","5504","Textiles"
"Waste of man-made fibers","8301986","0.00023835707764373996","5505","Textiles"
"Synthetic staple fibers, processed","35136480","0.0010087982190632116","5506","Textiles"
"Artificial staple fibers, processed","508088","0.000014587638532015415","5507","Textiles"
"Synthetic staple fibers sewing thread","11521780","0.0003308001013316681","5508","Textiles"
"Yarn of synthetic staple fibers, not for retail sale","162027104","0.004651935935391643","5509","Textiles"
"Yarn of artificial staple fibers, not for retail sale","36712012","0.0010540330825349396","5510","Textiles"
"Yarn of synthetic staple fibers, for retail sale","142420560","0.0040890153847507","5511","Textiles"
"Woven fabrics of > 85% synthetic staple fibers","119006864","0.003416788262782664","5512","Textiles"
"Woven fabrics of < 85% synthetic staple fibers weighing < 170 g/m2","30946804","0.0008885090584172994","5513","Textiles"
"Woven fabrics of < 85% synthetic staple fibers weighing > 170 g/m2","22318006","0.000640768930349371","5514","Textiles"
"Other woven fabrics of synthetic staple fibers","66971088","0.001922796885263567","5515","Textiles"
"Woven fabrics of artificial staple fibers","69046952","0.001982396705912005","5516","Textiles"
"Wadding of textile materials","182641360","0.005243788754459265","5601","Textiles"
"Felt","145072624","0.00416515839737011","5602","Textiles"
"Nonwoven textiles","2051130112","0.05888968969152646","5603","Textiles"
"Rubber textiles","70408752","0.002021495141916986","5604","Textiles"
"Metallised yarn","12215962","0.000350730656848491","5605","Textiles"
"Gimp yarn","59032508","0.0016948735029016788","5606","Textiles"
"Twine and ropes of baste fibers","432452544","0.012416080273737015","5607","Textiles"
"Nets","114125984","0.0032766540475322676","5608","Textiles"
"Articles of yarn, rope etc not elsewhere clasified","216313792","0.0062105529104910335","5609","Textiles"
"Carpets, knotted","359598752","0.010324385954283226","5701","Textiles"
"Woven carpets and rugs","2091477248","0.06004809027522469","5702","Textiles"
"Carpets, tufted","1199896192","0.03445004000259358","5703","Textiles"
"Carpets of felt","59830128","0.0017177738513568799","5704","Textiles"
"Other carpets","489225440","0.014046078394660367","5705","Textiles"
"Woven pile fabrics","244417648","0.007017438514330944","5801","Textiles"
"Terry cloth","5439964","0.00015618599230679864","5802","Textiles"
"Gauze","10433754","0.0002995619496700768","5803","Textiles"
"Lace and net fabrics","26571760","0.0007628978248639329","5804","Textiles"
"Hand-woven tapestries","5626769","0.00016154932270620416","5805","Textiles"
"Narrow woven fabrics","389100416","0.011171403814427477","5806","Textiles"
"Labels and badges of textiles","39070472","0.0011217464746485438","5807","Textiles"
"Braids in piece","57681852","0.0016560950206129855","5808","Textiles"
"Woven fabric incorporating metal threads","1273779","0.000036571278246429884","5809","Textiles"
"Embroidery in the piece","109994112","0.003158024488879917","5810","Textiles"
"Quilted textile products","15448988","0.0004435535825082343","5811","Textiles"
"Stiffened textiles","157440032","0.004520237197660524","5901","Textiles"
"Tire cord fabric","411660032","0.01181910957332962","5902","Textiles"
"Textile fabrics impregnated with plastics","1209345792","0.0347213460540495","5903","Textiles"
"Linoleum","37884556","0.0010876978178463097","5904","Textiles"
"Textile wall coverings","34297032","0.0009846969531596215","5905","Textiles"
"Rubberized textile fabrics","158074384","0.004538449983000978","5906","Textiles"
"Other textile fabrics impregnated, coated or covered","92043392","0.0026426440533069066","5907","Textiles"
"Textile wicks","11565673","0.0003320603066860275","5908","Textiles"
"Textile hosepiping and similar tubing","58959576","0.0016927795631640412","5909","Textiles"
"Transmission belts or belting, of textile material","78274672","0.002247332393892531","5910","Textiles"
"Textile articles for technical use","843392128","0.024214505172354548","5911","Textiles"
"Pile fabrics, knit","145286272","0.004171292413125428","6001","Textiles"
"Other knitted fabrics","1096904576","0.03149306312843766","6002","Textiles"
"Men's overcoats, knit","740005056","0.02124617442016309","6101","Textiles"
"Women's overcoats, knit","736906880","0.021157223152672884","6102","Textiles"
"Men's suits, knit","3493241856","0.10029394415974131","6103","Textiles"
"Women's suits, knit","8466007552","0.24306627587718801","6104","Textiles"
"Men's shirts, knit","1687757440","0.04845695128489494","6105","Textiles"
"Women's shirts, knit","732030592","0.02101722077764729","6106","Textiles"
"Men's undergarments, knit","2454143232","0.07046053906844493","6107","Textiles"
"Women's undergarments, knit","4333509120","0.12441873182943156","6108","Textiles"
"T-shirts, knit","8568633344","0.24601274963322595","6109","Textiles"
"Sweaters, pullovers, sweatshirts etc., knit","15265847296","0.43829545716291857","6110","Textiles"
"Babies' garments, knit","2233354240","0.06412149936047301","6111","Textiles"
"Activewear, knit","1159520000","0.03329080519642762","6112","Textiles"
"Garments knit with impregnated fibers","230084592","0.006605924288474134","6113","Textiles"
"Other garments, knit","2482286080","0.07126854416576164","6114","Textiles"
"Socks, stockings, etc., knit","2846042880","0.08171231121391595","6115","Textiles"
"Gloves, knit","1104641024","0.03171518312919684","6116","Textiles"
"Other clothing accesories, knit","388472448","0.011153374319155649","6117","Textiles"
"Men's overcoats, not knit","2079833344","0.059713783890005034","6201","Textiles"
"Womens overcoats, not knit","1982529664","0.05692011249513859","6202","Textiles"
"Men's suits and pants","8368209408","0.2402584080004147","6203","Textiles"
"Women's suits and pants","10789942272","0.30978841784346245","6204","Textiles"
"Men's shirts","2347659520","0.0674033011486294","6205","Textiles"
"Women's shirts","1694922624","0.04866266981044047","6206","Textiles"
"Men's undergarments","399325760","0.011464982135776363","6207","Textiles"
"Women's undergarments","541860096","0.015557264126236345","6208","Textiles"
"Babies' garments","383100192","0.010999132281104265","6209","Textiles"
"Garments made of textile felts and nonwoven fabric","2704175360","0.07763917407784214","6210","Textiles"
"Activewear","2656028416","0.07625683437390664","6211","Textiles"
"Brassieres","3212835328","0.09224323429750986","6212","Textiles"
"Handkerchiefs","30194340","0.0008669051771204484","6213","Textiles"
"Shawls, scarves, etc.","342128480","0.00982279958933859","6214","Textiles"
"Ties, bow ties and cravats","72403464","0.002078765019637919","6215","Textiles"
"Gloves","345735776","0.009926368124958375","6216","Textiles"
"Other clothing accesories","246897232","0.007088629479482194","6217","Textiles"
"Blankets","2011977600","0.0577655877787153","6301","Textiles"
"House linen","7221960192","0.20734861829742218","6302","Textiles"
"Curtains","1797981312","0.051621572378750986","6303","Textiles"
"Other furnishing articles","1805825920","0.051846797745083904","6304","Textiles"
"Bags for packing goods","852783168","0.02448412991641404","6305","Textiles"
"Tents, tarpaulins, etc.","1548821120","0.044467971393363497","6306","Textiles"
"Other made up articles","6922683904","0.19875614157971316","6307","Textiles"
"Needlecraft sets of woven fabric and yarn","19099324","0.0005483578331270308","6308","Textiles"
"Used clothes and textiles","27360376","0.0007855396608225933","6309","Textiles"
"Used or new rags textile scraps","105983272","0.0030428698618669807","6310","Textiles"
"Waterproof footwear","269018336","0.007723745185976189","6401","Textiles"
"Other footwear of rubber or plastics","6492874752","0.18641595533810135","6402","Textiles"
"Leather footwear","10618682368","0.30487140036897054","6403","Textiles"
"Textile footwear","9502070784","0.2728125322830225","6404","Textiles"
"Other footwear","1036499904","0.02975879363027798","6405","Textiles"
"Parts of footwear","330604800","0.00949194493739126","6406","Textiles"
"Hat forms","18180952","0.0005219905920705129","6501","Textiles"
"Hat shapes","5855568","0.0001681183365551567","6502","Textiles"
"Hats","116918456","0.0033568282932274506","6504","Textiles"
"Hats, knit","2014201600","0.057829440709891","6505","Textiles"
"Other headgear","814647232","0.02338921476500705","6506","Textiles"
"Headbands","70423008","0.002021904443799558","6507","Textiles"
"Umbrellas","622270016","0.017865901305914426","6601","Textiles"
"Walking sticks","66408672","0.0019066494436538028","6602","Textiles"
"Parts of umbrellas or walking sticks","105928160","0.0030412875494825586","6603","Textiles"
"Feathers or down","18063202","0.000518609889441943","6701","Textiles"
"Artificial flowers","2305736192","0.06619964675229821","6702","Textiles"
"Human animal hair prepared for use in wigs","36095016","0.0010363186027131381","6703","Textiles"
"Wigs","2576523776","0.0739741885528323","6704","Textiles"
"Flagstones, of natural stone","92863392","0.002666186950592913","6801","Stone"
"Worked building stone","3224993536","0.09259230678790731","6802","Stone"
"Worked slate","72476240","0.0020808544804829026","6803","Stone"
"Grindstones","514588320","0.014774268246754655","6804","Stone"
"Natural or artificial abrasive powder","641183232","0.018408915820104746","6805","Stone"
"Mineral wools and insulating materials","464092512","0.013324490660025484","6806","Stone"
"Asphalt","356452416","0.010234051972240218","6807","Stone"
"Panels of vegetable fibers","48350216","0.001388175815907615","6808","Stone"
"Plaster articles","238765504","0.00685516065379714","6809","Stone"
"Articles of cement, of concrete or of artificial stone","3346426112","0.09607873930491123","6810","Stone"
"Asbestos-cement or cellulose fiber-cement","149897344","0.004303680211264918","6811","Stone"
"Asbestos fibres","3072478","0.00008821345605794598","6812","Stone"
"Friction material and articles thereof","173603520","0.004984304682742967","6813","Stone"
"Mica articles","30928992","0.0008879976607508868","6814","Stone"
"Articles of stone or of other mineral substances","946205952","0.02716637748700526","6815","Stone"
"Bricks, blocks, and other ceramic goods","4118017","0.0001182317698207683","6901","Stone"
"Bricks, tiles and similar refractory ceramic constructional goods","212964080","0.0061143798305474915","6902","Stone"
"Other refractory ceramic goods","270717504","0.007772529744141641","6903","Stone"
"Ceramic building bricks","63391476","0.0018200231808248382","6904","Stone"
"Architectural ceramic ornaments","11446991","0.00032865284554493254","6905","Stone"
"Ceramic pipes","2064748","0.000059280670835961035","6906","Stone"
"Unglazed ceramic flags and pavers","2158776064","0.061980296510051366","6907","Stone"
"Glazed ceramic flags and pavers","34184","9.814517083229972e-7","6908","Stone"
"Ceramic wares for technical ware","941611456","0.027034465599921155","6909","Stone"
"Ceramic sinks, washbasins, and similar sanitary fixtures","1938597504","0.055658782823879545","6910","Stone"
"Porcelain or china household articles","1016038528","0.029171330126011683","6911","Stone"
"Ceramic household articles","994062272","0.02854037312876901","6912","Stone"
"Ornamental ceramic articles","891326272","0.02559073520733584","6913","Stone"
"Other ceramic articles","511930080","0.014697947915923491","6914","Stone"
"Cullet and other scraps of glass","45690408","0.0013118104664631037","7001","Stone"
"Glass balls","167402496","0.00480626801066972","7002","Stone"
"Glass, cast or rolled","130661720","0.003751409089235348","7003","Stone"
"Drawn and blown glass","41142692","0.0011812416729583112","7004","Stone"
"Float glass","111396720","0.003198294557265931","7005","Stone"
"Worked glass","227997472","0.00654600129849417","7006","Stone"
"Safety glass","1308052736","0.03755530635161978","7007","Stone"
"Multiple-walled insulating glass","331217728","0.009509542621473842","7008","Stone"
"Glass mirrors","1394317056","0.04003202833357981","7009","Stone"
"Glass containers for conveyance","1950192896","0.055991696388327086","7010","Stone"
"Glass envelopes","10609378","0.00030460426405173245","7011","Stone"
"Glassware for interior decorative use","1541705600","0.04426367876348969","7013","Stone"
"Signaling glassware","33028940","0.0009482889535191251","7014","Stone"
"Clock or watch glasses and similar glasses","6374343","0.00018301280794484962","7015","Stone"
"Glass paving blocks or other molded products","312689024","0.008977567773772836","7016","Stone"
"Laboratory, hygienic or pharmaceutical glassware","218434784","0.006271448394394012","7017","Stone"
"Glass beads","211702960","0.006078172002955627","7018","Stone"
"Glass fibers","1538529920","0.04417250229025404","7019","Stone"
"Other articles of glass","398692288","0.011446794615984215","7020","Stone"
"Pearls","64639344","0.0018558505322278807","7101","Stone"
"Diamonds","18993434624","0.5453176590991682","7102","Stone"
"Precious stones","1104185600","0.0317021075188876","7103","Stone"
"Synthetic precious stones","1170293760","0.03360012900748138","7104","Stone"
"Diamond dust","50380516","0.001446467455370761","7105","Stone"
"Silver","6298297856","0.18082948719571348","7106","Stone"
"Silver clad metals","2443650","0.00007015926945481781","7107","Stone"
"Gold","16649849856","0.4780313475454191","7108","Stone"
"Gold clad metals","3574464","0.0001026259009811331","7109","Stone"
"Platinum","18198296576","0.5224885695964121","7110","Stone"
"Platinum clad metals","2158012","0.00006195835958289047","7111","Stone"
"Scrap of precious metal","2026945024","0.05819531524928617","7112","Stone"
"Jewelry of precious metal","14931980288","0.42870985145983265","7113","Stone"
"Goldsmith and silversmith wares","68778000","0.0019746748652889976","7114","Stone"
"Other articles of precious metals","6486737920","0.18623976167293368","7115","Stone"
"Articles of precious stones","531348480","0.015255466692336411","7116","Stone"
"Imitation jewelry","1169556736","0.03357896842171392","7117","Stone"
"Coin","51247452","0.0014713579251287385","7118","Stone"
"Pig iron","3120643072","0.08959631623217663","7201","Metals"
"Ferroalloys","3083023616","0.08851622966075778","7202","Metals"
"Ferrous products from the reduction of iron ore","843961728","0.02423085887271322","7203","Metals"
"Ferrous waste and scrap","2667593216","0.0765888696160203","7204","Metals"
"Powders of iron or steel","319829312","0.00918257151398809","7205","Metals"
"Iron and nonalloy steel","6491163","0.00018636680948259511","7206","Metals"
"Semifinished products of iron or nonalloy steel","4980711424","0.14300046032496688","7207","Metals"
"Flat-rolled iron, width > 600mm, hot-rolled, not clad","4516442112","0.12967089358659972","7208","Metals"
"Flat-rolled iron, width > 600mm, cold-rolled, not clad","1555614592","0.044663017751304185","7209","Metals"
"Flat rolled iron, width > 600mm, clad","6321134080","0.1814851346055089","7210","Metals"
"Flat-rolled iron, width < 600mm, not clad","392443648","0.01126739084806076","7211","Metals"
"Flat-rolled iron, width < 600mm, clad","338871328","0.009729283985703333","7212","Metals"
"Hot rolled bars of iron","916598016","0.026316308467372745","7213","Metals"
"Other bars of iron, not further worked than forged","1134711040","0.03257851885855853","7214","Metals"
"Other bars and rods of iron or nonalloy steel","147999248","0.004249184261061284","7215","Metals"
"Angles of iron or nonalloy steel","957141120","0.027480335458992127","7216","Metals"
"Wire of iron or nonalloy steel","775136512","0.022254828395914153","7217","Metals"
"Stainless steel in ingots","245992416","0.007062651442713006","7218","Metals"
"Flat-rolled products of stainless steel of a width > 600 mm","1238666496","0.03556316839871463","7219","Metals"
"Flat-rolled products of stainless steel of a width < 600 mm","281638016","0.008086066929905792","7220","Metals"
"Bars of stainless steel, hot-rolled","175184960","0.005029709169918556","7221","Metals"
"Other bars and rods of stainless steel","570233216","0.016371880528484574","7222","Metals"
"Wire of stainless steel","240947488","0.006917807269884591","7223","Metals"
"Other alloy steel in primary form","1329948160","0.03818394259340705","7224","Metals"
"Flat-rolled products of other alloy steel, width > 600 mm","1799303296","0.051659527663538485","7225","Metals"
"Flat-rolled products of other alloy steel, width < 600 mm","249932256","0.007175767599351178","7226","Metals"
"Bars of other alloy steel","517947136","0.014870702710279772","7227","Metals"
"Other bars and rods of other alloy steel","660044224","0.01895043093884645","7228","Metals"
"Wire of other alloy steel","314386016","0.00902628985712793","7229","Metals"
"Sheet piling of iron or steel","91563336","0.0026288612373318683","7301","Metals"
"Railway construction material of iron or steel","136472848","0.003918251515601004","7302","Metals"
"Tubes of cast iron","27754690","0.0007968607510670258","7303","Metals"
"Tubes, seamless, of iron or steel","2413424640","0.06929147366711953","7304","Metals"
"Other tubes and pipes, diameter > 406.4 mm, of iron or steel","343145248","0.009851991863226028","7305","Metals"
"Other tubes, pipes and hollow profiles of iron or steel","4336479744","0.12450402097053806","7306","Metals"
"Tube or pipe fittings of iron or steel","2566050560","0.07367349361558576","7307","Metals"
"Structures and their parts, of iron or steel","6515315712","0.1870602543823445","7308","Metals"
"Tanks etc. > 300 liters, iron or steel","431138080","0.012378340894544145","7309","Metals"
"Tanks etc. < 300 liters, iron or steel","591556608","0.016984093245125134","7310","Metals"
"Containers for compressed or liquified gas","491318208","0.014106163543523101","7311","Metals"
"Wire of iron or steel, not insulated","1094568064","0.03142597988206751","7312","Metals"
"Barbed wire of iron or steel","17245952","0.0004951459469943953","7313","Metals"
"Cloth of iron or steel wire","791750336","0.02273182541049927","7314","Metals"
"Chain of iron or steel","692090432","0.019870504820980607","7315","Metals"
"Anchors of iron or steel","51040472","0.0014654153533235463","7316","Metals"
"Nails and similar articles of iron or steel","1275360000","0.03661667010083131","7317","Metals"
"Screws and similar articles of iron or steel","6690992128","0.19210407367193208","7318","Metals"
"Articles for sewing of iron or steel","38926384","0.0011176095856434876","7319","Metals"
"Springs of iron or steel","1349543808","0.0387465503106226","7320","Metals"
"Stoves and similar non-electric appliances of iron or steel","5147019776","0.14777531453099257","7321","Metals"
"Radiators for central heating of iron or steel","674825408","0.01937481130064836","7322","Metals"
"Household articles of iron or steel","4447270400","0.1276849149149982","7323","Metals"
"Sanitary ware and parts of iron or steel","952825408","0.02735642769761165","7324","Metals"
"Other cast articles of iron or steel","681681728","0.01957166207811177","7325","Metals"
"Other articles of iron or steel","7495317504","0.21519693917400137","7326","Metals"
"Copper mattes","1697325","0.000048731644068257994","7401","Metals"
"Unrefined copper","7518014","0.00021584857487409926","7402","Metals"
"Refined copper and copper alloys","8718706688","0.25032148295415224","7403","Metals"
"Copper waste and scrap","905992768","0.026011822779132953","7404","Metals"
"Master alloys of copper","5140083","0.00014757615379335352","7405","Metals"
"Copper powders and flakes","46397272","0.0013321051329840499","7406","Metals"
"Copper bars, rods and profiles","519127584","0.0149045943761523","7407","Metals"
"Copper wire","2264903936","0.06502731796087878","7408","Metals"
"Copper plates, sheets and strip > 0.15 mm","907761024","0.0260625909125273","7409","Metals"
"Copper foil < 0.15 mm thick","284616512","0.00817158208282626","7410","Metals"
"Copper tubes and pipes","1100164736","0.03158666509431077","7411","Metals"
"Copper tube or pipe fittings","910780096","0.02614927103691152","7412","Metals"
"Copper wire, uninsulated","68330104","0.0019618153902611767","7413","Metals"
"Screws and similar articles of copper","150477888","0.004320348123169806","7415","Metals"
"Household articles of copper","200469168","0.005755640281994206","7418","Metals"
"Other articles of copper","507593088","0.014573429187647596","7419","Metals"
"Nickel mattes","4792662","0.00013760140145432695","7501","Metals"
"Nickel unwrought","1409759360","0.04047539001276431","7502","Metals"
"Nickel waste and scrap","225309552","0.006468828829624654","7503","Metals"
"Nickel powders","185240976","0.005318425940399582","7504","Metals"
"Nickel bars, wire etc.","321072512","0.009218264843141704","7505","Metals"
"Nickel plates","136091872","0.003907313370678523","7506","Metals"
"Nickel tubes and pipes","163925328","0.004706435560584123","7507","Metals"
"Other articles of nickel","266700944","0.007657210891064708","7508","Metals"
"Unwrought aluminum","11416064000","0.32776490507619555","7601","Metals"
"Waste or scrap, aluminium","1212363136","0.03480797656608431","7602","Metals"
"Aluminum powders","83669760","0.002402229958079077","7603","Metals"
"Aluminum bars","1629970048","0.04679782612113614","7604","Metals"
"Aluminum wire","932993856","0.02678704697595543","7605","Metals"
"Aluminum plates > 0.2 mm","3760986112","0.10798110942550512","7606","Metals"
"Aluminum foil < 0.2 mm","1441653120","0.0413910869831845","7607","Metals"
"Aluminum tubes and pipes","229702128","0.006594943421806335","7608","Metals"
"Aluminum tube or pipe fittings","143323744","0.00411494656541212","7609","Metals"
"Aluminum structures (bridges, towers etc)","2362796032","0.06783788327946405","7610","Metals"
"Aluminum containers, >300 liters","13811514","0.0003965403115442017","7611","Metals"
"Aluminum containers, <300 liters","1117356032","0.03208024182106849","7612","Metals"
"Aluminum containers for compressed or liquefied gas","67661504","0.0019426193157179765","7613","Metals"
"Aluminum wire, not insulated","189069440","0.0054283443973693075","7614","Metals"
"Household articles of aluminum","1906233600","0.05472958761943298","7615","Metals"
"Other articles of aluminum","2779903232","0.07981338567806638","7616","Metals"
"Lead refined unwrought","1423375232","0.040866313276124576","7801","Metals"
"Lead waste or scrap","5227630","0.00015008970260883893","7802","Metals"
"Lead foil <2mm","5002673","0.00014363099584692644","7804","Metals"
"Other articles of lead","32519142","0.0009336522194330134","7806","Metals"
"Unwrought zinc","1860564224","0.05341838099957441","7901","Metals"
"Zinc waste and scrap","21668778","0.0006221290423991276","7902","Metals"
"Zinc powders","92458080","0.002654550098416345","7903","Metals"
"Zinx bars and wire","13671551","0.00039252185479683423","7904","Metals"
"Zinc plates and foil","12606699","0.00036194904838122576","7905","Metals"
"Other articles of zinc","249906256","0.007175021117242109","7907","Metals"
"Unwrought tin","1314493056","0.03774021341533809","8001","Metals"
"Tin waste and scrap","14567281","0.00041823902477975485","8002","Metals"
"Tin bars and wire","57335064","0.0016461384422422295","8003","Metals"
"Other articles of tin","46110388","0.001323868449392588","8007","Metals"
"Tungsten (wolfram)","185635616","0.005329756390381229","8101","Metals"
"Molybdenum","117563264","0.003375341279219153","8102","Metals"
"Tantalum","276091072","0.00792680945082868","8103","Metals"
"Magnesium","233911344","0.006715793592468064","8104","Metals"
"Cobalt","429167488","0.012321763522533623","8105","Metals"
"Bismuth","25067618","0.000719712628998605","8106","Metals"
"Cadmium","2161800","0.00006206711628401168","8107","Metals"
"Titanium","581132160","0.016684798478628405","8108","Metals"
"Zirconium","80562296","0.002313012024210829","8109","Metals"
"Antimony","68826448","0.0019760658485666956","8110","Metals"
"Manganese","121031416","0.003474914872278005","8111","Metals"
"Other metals","323214368","0.00927975935022636","8112","Metals"
"Cermets","84035656","0.0024127351433782976","8113","Metals"
"Handtools for gardening","543624384","0.01560791833497651","8201","Metals"
"Handsaws","929723776","0.02669316019844686","8202","Metals"
"Pliers, pincers and other metal handtools","527336288","0.015140273248253802","8203","Metals"
"Wrenches","847057344","0.024319736640426536","8204","Metals"
"Hand tools n.e.c.","1837560064","0.05275791200441481","8205","Metals"
"Retail tool sets","271064704","0.00778249815138274","8206","Metals"
"Interchangeable tools for hand tools","3330043136","0.09560837013270743","8207","Metals"
"Knives and blades for machines","486912832","0.013979681452456955","8208","Metals"
"Articles for utensils, of cermet","892035776","0.02561110567050171","8209","Metals"
"Hand-operated appliances, food preparation, <10kg","140332896","0.004029076776068146","8210","Metals"
"Knife sets","1090482048","0.03130866688816875","8211","Metals"
"Razors","646348288","0.018557208969963858","8212","Metals"
"Scissors","194198160","0.005575594309770148","8213","Metals"
"Other cutlery","234577328","0.0067349145594267495","8214","Metals"
"Cutlery","724348288","0.020796655297169387","8215","Metals"
"Padlocks and locks","2880515584","0.08270205185957805","8301","Metals"
"Base metal mountings, fittings and similar articles","7748582400","0.22246838970165894","8302","Metals"
"Safes","508484800","0.014599030997433817","8303","Metals"
"Paper trays and similar office equipment, of base metal","98229008","0.0028202383485979804","8304","Metals"
"Paper clips and similar office articles, of metal","214302832","0.0061528165388736325","8305","Metals"
"Ornaments, statuettes, etc. of metal","1135622912","0.03260469947908778","8306","Metals"
"Flexible tubing of base metal","323893952","0.009299270784749791","8307","Metals"
"Clasps, buckles etc. of metal","217734640","0.006251346664787409","8308","Metals"
"Stoppers, caps and lids of metal","1145083264","0.03287631422960664","8309","Metals"
"Sign plates and similar plates of base metal","147694176","0.004240425384523678","8310","Metals"
"Wire etc. used for welding","189197440","0.005432019386213953","8311","Metals"
"Nuclear reactors and related equipment","127567248","0.003662564166734831","8401","Machinery"
"Steam boilers","151330224","0.004344819414512691","8402","Machinery"
"Central heating boilers","439291008","0.012612418390256595","8403","Machinery"
"Auxiliary parts for use with boilers","94164128","0.0027035321872321957","8404","Machinery"
"Water gas generators","61404448","0.0017629739172779853","8405","Machinery"
"Steam turbines","227875008","0.006542485252917057","8406","Machinery"
"Spark-ignition reciprocating internal combustion piston engines","11053906944","0.3173670680386216","8407","Machinery"
"Compression-ignition internal combustion piston engines","5911951360","0.16973715076627854","8408","Machinery"
"Parts suitable for use with spark-ignition engines","11634704384","0.33404225642142127","8409","Machinery"
"Hydraulic turbines, water wheels and regulators","31537656","0.000905472921767582","8410","Machinery"
"Gas turbines","22826504192","0.6553683458425128","8411","Machinery"
"Other engines and motors","5398882816","0.1550065165808236","8412","Machinery"
"Pumps for liquids","11063657472","0.3176470139888513","8413","Machinery"
"Pumps, compressors, fans, etc.","14014949376","0.40238111418018735","8414","Machinery"
"Air conditioners","11361043456","0.3261852184713026","8415","Machinery"
"Furnace burners","167979568","0.004822836238502196","8416","Machinery"
"Industrial furnaces","337613888","0.009693181814040752","8417","Machinery"
"Refrigerators, freezers","13352812544","0.3833706026862142","8418","Machinery"
"Equipment for temperature change of materials","6783923712","0.19477221847283196","8419","Machinery"
"Calendering or other rolling machines, other than for metals or glass","185337184","0.005321188153889938","8420","Machinery"
"Centrifuges","12931466240","0.3712733920070549","8421","Machinery"
"Dish washing machines","5429574144","0.15588769070603717","8422","Machinery"
"Weighing machinery","899191744","0.02581655959685043","8423","Machinery"
"Sprays and powder dispersers","3910791424","0.11228214731979075","8424","Machinery"
"Pulleys and winches","1594446976","0.045777928517014885","8425","Machinery"
"Ships' derricks; cranes","1590548352","0.04566599570678469","8426","Machinery"
"Fork-lift trucks","2930602496","0.084140089694443","8427","Machinery"
"Other lifting machinery","5618076672","0.16129975857781356","8428","Machinery"
"Self-propelled bulldozers, excavators and road rollers","7788740096","0.22362135130186708","8429","Machinery"
"Other moving, excavating or boring machinery","1407027072","0.04039694370088652","8430","Machinery"
"Parts for use with hoists and excavation machinery","9793011712","0.28116569372716826","8431","Machinery"
"Machinery for soil preparation or cultivation","1267059840","0.03637836544920031","8432","Machinery"
"Harvesting or agricultural machinery","3576864256","0.10269481437194788","8433","Machinery"
"Dairy machinery","107092432","0.0030747147886398436","8434","Machinery"
"Machines for wine and juice production","41570372","0.0011935207294354812","8435","Machinery"
"Other agricultural machinery","1289514496","0.03702305771724985","8436","Machinery"
"Machinery for processing grain","152471648","0.004377590668161207","8437","Machinery"
"Machinery for the industrial preparation of food or drink","1946999808","0.05590002011660858","8438","Machinery"
"Machinery for making paper","569913344","0.016362696731361807","8439","Machinery"
"Bookbinding machinery","165040768","0.004738460791497175","8440","Machinery"
"Other machinery for making paper","1666404992","0.047843904345786635","8441","Machinery"
"Machinery for making printing components","90460416","0.002597195466265182","8442","Machinery"
"Printers and copiers","10066718720","0.28902405467327097","8443","Machinery"
"Machines to extrude, cut manmade textile fibres","47097148","0.001352199168082759","8444","Machinery"
"Machines for preparing textile fibers","94645168","0.0027173432546839767","8445","Machinery"
"Looms","29389910","0.0008438093077743722","8446","Machinery"
"Knitting machines","197512336","0.005670747120935695","8447","Machinery"
"Auxiliary machinery for use with knitting and textile machines","221445552","0.006357890103876934","8448","Machinery"
"Machinery to manufacture felt","190579008","0.005471685378308628","8449","Machinery"
"Household- or laundry-type washing machines","2068978688","0.05940213748600145","8450","Machinery"
"Machinery for processing fabrics","2361607424","0.06780375733305267","8451","Machinery"
"Sewing machines","530040448","0.015217911981332984","8452","Machinery"
"Machinery for preparing leather","40469432","0.0011619118058524857","8453","Machinery"
"Machines used in metallurgy","351352416","0.010087626635461396","8454","Machinery"
"Metal-rolling mills","695338240","0.019963752150430208","8455","Machinery"
"Machines for working materials by laser and similar means","804820480","0.02310708035892039","8456","Machinery"
"Machining centers for working metal","1320217344","0.037904562591459454","8457","Machinery"
"Lathes for removing metal","882859584","0.025347649395217955","8458","Machinery"
"Machine tools for drilling by removing metal","336612320","0.009664425945078615","8459","Machinery"
"Machines with grinding stones for finishing metal","384546368","0.011040653223818276","8460","Machinery"
"Other machine tools for planing and cutting metals","286625984","0.008229275732698339","8461","Machinery"
"Machine tools for molding and forging metals","1179334144","0.033859686119600975","8462","Machinery"
"Other machine tools for working metal, without removal","208271504","0.005979651983261173","8463","Machinery"
"Machine tools for working stone","382983104","0.010995770585058627","8464","Machinery"
"Machine tools for working wood","1781386368","0.05114511742502045","8465","Machinery"
"Parts and accessories for metal working machines","2853407744","0.08192376272205913","8466","Machinery"
"Tools for hand working, pneumatic, hydraulic motors","2044374656","0.05869573480527263","8467","Machinery"
"Machinery for soldering","146804592","0.004214884671427001","8468","Machinery"
"Cash registers, calculators, etc.","964735744","0.027698383572111445","8470","Machinery"
"Computers","101232345088","2.9064667102785156","8471","Machinery"
"Other office machines","1174523008","0.0337215543138973","8472","Machinery"
"Parts and accessories for office machines","55713959936","1.599595166060912","8473","Machinery"
"Machinery for working minerals","1660291712","0.04766838687856639","8474","Machinery"
"Machines for assembling electric lamps","842974336","0.024202510008765627","8475","Machinery"
"Automatic goods-vending machines","184795568","0.005305637897967429","8476","Machinery"
"Machinery for working rubber or plastics","3777399808","0.10845236059503163","8477","Machinery"
"Machinery for preparing tobacco","92000008","0.0026413984617753745","8478","Machinery"
"Machines n.e.c.","16714760192","0.4798949784884048","8479","Machinery"
"Molding boxes for metal foundry","2749483520","0.07894000987918112","8480","Machinery"
"Appliances for thermostatically controlled valves","15289767936","0.43898223907820577","8481","Machinery"
"Ball or roller bearings","3486589696","0.10010295498948513","8482","Machinery"
"Transmission shafts","9797369856","0.2812908197473507","8483","Machinery"
"Gaskets and similar joints of metal sheeting","478371904","0.013734464146809174","8484","Machinery"
"Machinery parts, not containing electrical features, n.e.c.","1074018944","0.030835997172948205","8485","Machinery"
"Electric motors and generators","11237549056","0.3226395892339891","8501","Electronics"
"Electric generating sets and rotary converters","2481273088","0.07123946030404513","8502","Electronics"
"Parts for use with electric generators","3143843072","0.09026240796026853","8503","Electronics"
"Electrical transformers","19753279488","0.5671334512777679","8504","Electronics"
"Electromagnets","1268192640","0.03641088910047542","8505","Electronics"
"Primary cells and primary batteries","1170761088","0.03361354639175318","8506","Electronics"
"Batteries","15356746752","0.4409052578409209","8507","Electronics"
"Vacuum cleaners","6971379712","0.20015423963581452","8508","Electronics"
"Electromechanical domestic appliances","7148721152","0.20524586318029325","8509","Electronics"
"Electric shavers and hair clippers","712427008","0.02045438521112338","8510","Electronics"
"Electrical ignition equipment","4307798528","0.12368055887014079","8511","Electronics"
"Electrical lighting equipment used for motor vehicles","6936152576","0.1991428386059021","8512","Electronics"
"Portable electric lamps","1050628736","0.030164444411433164","8513","Electronics"
"Industrial electric furnaces","592805184","0.017019940923810224","8514","Electronics"
"Electric soldering machines","1906620288","0.05474068976073265","8515","Electronics"
"Electric heaters","12900613120","0.3703875726959417","8516","Electronics"
"Telephones","5960032256","0.17111759417597025","8517","Electronics"
"Microphones","11222912000","0.3222193469096263","8518","Electronics"
"Sound reproducing apparatus","245170912","0.007039065364308074","8519","Electronics"
"Magnetic tape recorders","743069248","0.02133414997811505","8520","Electronics"
"Video recording apparatus","9635060736","0.2766307868927871","8521","Electronics"
"Parts and accessories for video or sound equipment","94299680","0.0027074240004186746","8522","Electronics"
"Sound storage media","13987099648","0.40158152480732484","8523","Electronics"
"Tapes, cassettes, records and compact disks","221814784","0.006368491068572918","8524","Electronics"
"Transmission apparatus for radio, telephone and TV","101993463808","2.928319075946097","8525","Electronics"
"Radar","3553230336","0.10201626443167262","8526","Electronics"
"Reception apparatus for radio broadcasting","3114925312","0.08943215448048633","8527","Electronics"
"Monitors and projectors","22595573760","0.6487381367683797","8528","Electronics"
"Parts of radios, telephones, and T.V.s","3397171456","0.09753568128239304","8529","Electronics"
"Electric signal and traffic controls","341865472","0.009815248406010056","8530","Electronics"
"Electric sound or visual signaling apparatus","3179476736","0.09128548075475156","8531","Electronics"
"Electrical capacitors","2249864448","0.06459552147158838","8532","Electronics"
"Electrical resistors","1167369856","0.033516181237303155","8533","Electronics"
"Electronic printed circuits","2724004864","0.07820849599967686","8534","Electronics"
"Electrical apparatus for > 1k volts","1012525952","0.02907048108213694","8535","Electronics"
"Electrical apparatus for < 1k volts","13028326400","0.37405432956557466","8536","Electronics"
"Electrical boards","14014768128","0.4023759103959833","8537","Electronics"
"Parts for electrical apparatus","4130481920","0.11858964827349792","8538","Electronics"
"Electrical filament","1188409472","0.03412024650367514","8539","Electronics"
"Thermionic, cold cathode or photocathode tubes","286011872","0.008211644054968945","8540","Electronics"
"Semiconductor devices","12907735040","0.3705920490752577","8541","Electronics"
"Electronic integrated circuits","34522447872","0.9911688345268552","8542","Electronics"
"Electrical machines with individual functions n.e.c.","15734510592","0.4517511789183446","8543","Electronics"
"Insulated electrical wire","25366274048","0.7282872980984937","8544","Electronics"
"Carbon articles for eletrical purposes","458393088","0.013160855350487187","8545","Electronics"
"Electrical insulators of any material","344262080","0.009884057059642766","8546","Electronics"
"Insulating fittings for electrical machines","561916544","0.01613310180329261","8547","Electronics"
"Waste and scrap of batteries","362572384","0.010409761457627596","8548","Electronics"
"Electric trains","5082793","0.0001459313091768714","8601","Vehicles"
"Other rail locomotives","42823420","0.0012294968030433302","8602","Vehicles"
"Self-propelled railway coaches","19381534","0.0005564603222039625","8603","Vehicles"
"Railway service vehicles","22902494","0.000657550077848034","8604","Vehicles"
"Railway coaches, not self-propelled","98054448","0.002815226582561096","8605","Vehicles"
"Railway cars, not self-propelled","1467196800","0.04212446775702185","8606","Vehicles"
"Parts of railway locomotives","839697664","0.02410843396933156","8607","Vehicles"
"Railway track fixtures","37759888","0.001084118493555027","8608","Vehicles"
"Containers for multimodal transportation","3458752768","0.09930373311550711","8609","Vehicles"
"Tractors","12880990208","0.36982418220610225","8701","Vehicles"
"Buses","602489600","0.01729798874230164","8702","Vehicles"
"Cars","146489753600","4.205845393240549","8703","Vehicles"
"Motor vehicles for transporting goods","30694121472","0.8812543281701377","8704","Vehicles"
"Special purpose motor vehicles","898590464","0.02579929633675271","8705","Vehicles"
"Vehicle chassis fitted with engines","83426696","0.0023952513839498994","8706","Vehicles"
"Vehicle Bodies","649616128","0.018651031435167643","8707","Vehicles"
"Parts of motor vehicles","76331802624","2.1915509619909503","8708","Vehicles"
"Work trucks","291177568","0.008359955579772281","8709","Vehicles"
"Tanks and other armored fighting vehicles","317919936","0.00912775170539252","8710","Vehicles"
"Motorcycles","4000109312","0.11484653983562863","8711","Vehicles"
"Bicycles","2161996288","0.06207275187940495","8712","Vehicles"
"Wheelchairs","359380384","0.01031811642331426","8713","Vehicles"
"Parts of motorcycles or wheelchairs","2275716352","0.06533775161856363","8714","Vehicles"
"Baby carriages","413965056","0.011885288772443985","8715","Vehicles"
"Trailers and semi-trailers","5056301568","0.14517071763719427","8716","Vehicles"
"Gliders, hang gliders","10092654","0.0002897686786161049","8801","Vehicles"
"Other aircraft and spacecraft","13719927808","0.3939107940916743","8802","Vehicles"
"Parts of other aircraft","13028730880","0.37406594253032377","8803","Vehicles"
"Parachutes","44558868","0.0012793229908594351","8804","Vehicles"
"Aircraft launching gear","364393664","0.010462051955150839","8805","Vehicles"
"Cargo ships and similar vessels","3101065984","0.08903424138834355","8901","Vehicles"
"Fishing vessels","2034709","0.00005841822560233376","8902","Vehicles"
"Pleasure or sport boats","2915634176","0.08371033649895021","8903","Vehicles"
"Tugs and pusher craft","626907","0.000017999033059608157","8904","Vehicles"
"Special function vessels, n.e.c.","1337323776","0.03839570280061319","8905","Vehicles"
"Other vessels","54504356","0.0015648664084731104","8906","Vehicles"
"Other floating structures","130739856","0.0037536524402382006","8907","Vehicles"
"Floating structures for scrapping","749817","0.00002152788367597779","8908","Vehicles"
"Optical fibers","3176946432","0.09121283357527062","9001","Machinery"
"Lenses and other optical elements","1710595456","0.04911265014453418","9002","Machinery"
"Frames for spectacles, goggles","1210940288","0.03476712539008724","9003","Machinery"
"Glasses","2851814400","0.081878016460921","9004","Machinery"
"Binoculars and telescopes","464771712","0.01334399106958238","9005","Machinery"
"Photographic cameras","426980672","0.012258978175617287","9006","Machinery"
"Cinematographic cameras and projectors","109285472","0.0031376788318887515","9007","Machinery"
"Still image projectors","55292528","0.0015874954968142158","9008","Machinery"
"Electrostatic photo-copyers","214035056","0.006145128462210635","9009","Machinery"
"Apparatus and equipment for photographic laboratories, n.e.c.","4586492928","0.13168211208158626","9010","Machinery"
"Optical microscopes","557791040","0.016014655075335282","9011","Machinery"
"Microscopes, other than optical","345015552","0.009905689881476769","9012","Machinery"
"Liquid crystal devices","4149270528","0.11912908518604799","9013","Machinery"
"Navigational instruments","1435981696","0.04122825557745596","9014","Machinery"
"Surveying instruments","1392251392","0.03997272136360493","9015","Machinery"
"Balances of a sensitivity < 50 milligram","90982192","0.002612176098916772","9016","Machinery"
"Drafting tables and machines","401275136","0.011520950378385884","9017","Machinery"
"Medical instruments","32026150912","0.9194980260821587","9018","Machinery"
"Therapy applicances","5790416384","0.16624777825819892","9019","Machinery"
"Other breathing appliances and gas masks","220399472","0.006327856257544073","9020","Machinery"
"Orthopedic appliances","13731540992","0.39424421847957125","9021","Machinery"
"X-ray machines","4509398016","0.12946865160050122","9022","Machinery"
"Instruments designed for demonstrational purposes","547217408","0.015711077109340117","9023","Machinery"
"Machines for testing the mechanical properties of materials","260276368","0.007472755850974288","9024","Machinery"
"Thermometers, hydrometers etc.","1215881600","0.03490899465944591","9025","Machinery"
"Instruments for measuring properties of liquids or gases","3583845120","0.10289524091355712","9026","Machinery"
"Instruments for physical or chemical analysis","7552873472","0.21684941995792906","9027","Machinery"
"Gas, liquid or electricity meters","1199746304","0.0344457365906565","9028","Machinery"
"Meters","1555817856","0.04466885363358948","9029","Machinery"
"Instruments for measuring electricity","4175275776","0.11987571796965914","9030","Machinery"
"Measuring instruments","6266428928","0.17991450317312918","9031","Machinery"
"Automatic regulating instruments","5076976128","0.14576430183538133","9032","Machinery"
"Other parts for machines and appliances","429983200","0.012345183307693335","9033","Machinery"
"Watches with precious metal","1684110464","0.04835224350273331","9101","Machinery"
"Watches","3670789376","0.10539148443625991","9102","Machinery"
"Clocks with watch movements","4216105","0.0001210479597097803","9103","Machinery"
"Instrument panel clocks for vehicles","9747405","0.00027985628624403595","9104","Machinery"
"Other clocks","271388128","0.007791783929445946","9105","Machinery"
"Apparatus for measuring intervals of time","54698884","0.0015704514727697596","9106","Machinery"
"Time switches","109595640","0.0031465840189197347","9107","Machinery"
"Watch movements, complete","29383342","0.0008436207349092813","9108","Machinery"
"Clock movements, complete","8922037","0.00025615926911335676","9109","Machinery"
"Clock movements, complete, unassembled","3218206","0.00009239743085757429","9110","Machinery"
"Watch cases and parts","24195506","0.000694673551879222","9111","Machinery"
"Clock cases","2106270","0.000060472802764143435","9112","Machinery"
"Watch straps","183998576","0.005282755579926247","9113","Machinery"
"Other clock or watch parts","61671464","0.0017706401736947174","9114","Machinery"
"Pianos","120147056","0.0034495241446635505","9201","Machinery"
"Musical instruments, string","273937952","0.007864991544725697","9202","Machinery"
"Musical instruments, wind","169689248","0.004871922605126514","9205","Machinery"
"Musical instruments, percussion","123818280","0.0035549281075244327","9206","Machinery"
"Musical instruments, electric","635933824","0.018258200852597013","9207","Machinery"
"Other musical instruments, n.e.c.","36884652","0.0010589897237391545","9208","Machinery"
"Parts of musical instruments","306193856","0.008791085977334594","9209","Machinery"
"Military weapons, other than pistols and swords","53183260","0.001526936618920727","9301","Machinery"
"Revolvers and pistols","1144239872","0.03285209972810928","9302","Machinery"
"Other firearms","1056794752","0.0303414759740574","9303","Machinery"
"Other arms (air guns, truncheons, etc.)","340461600","0.009774942047109202","9304","Machinery"
"Parts of military weapons","1032072704","0.029631684953613825","9305","Machinery"
"Munitions of war","1560796800","0.04481180334966848","9306","Machinery"
"Swords","35779216","0.0010272517161729906","9307","Machinery"
"Seats","28362934272","0.8143239613359258","9401","Textiles"
"Medical, dental or veterinary furniture","1078045952","0.03095161599698958","9402","Textiles"
"Other furniture and parts","31040061440","0.8911865588210506","9403","Textiles"
"Mattresses and bedding","6208156672","0.17824145715162687","9404","Textiles"
"Lamps","15018432512","0.4311919683254166","9405","Textiles"
"Prefabricated buildings","640820608","0.018398504576707865","9406","Textiles"
"Toys","18276990976","0.5247479527380997","9503","Machinery"
"Games","11379584000","0.32671753325547176","9504","Machinery"
"Christmas and other festivity articles","6478808064","0.18601208876403025","9505","Machinery"
"Sports equipment","13049100288","0.3746507655551051","9506","Machinery"
"Fishing and hunting equipment","1222539264","0.03510014185422244","9507","Machinery"
"Fairground amusements","160841664","0.004617900944954175","9508","Machinery"
"Worked animal carving material","39803468","0.0011427914131108049","9601","Machinery"
"Worked vegetable or mineral carving material","322710752","0.009265300106617103","9602","Machinery"
"Brooms and mops","2150876160","0.06175348354853756","9603","Machinery"
"Hand sieves and riddles","1936394","0.00005559551835029258","9604","Machinery"
"Travel sets","50666780","0.0014546863382350066","9605","Machinery"
"Buttons","36263688","0.0010411613192631692","9606","Machinery"
"Slide fasteners","59233180","0.0017006349666628714","9607","Machinery"
"Pens","1072861760","0.030802773436298194","9608","Machinery"
"Pencils, crayons, pastels, etc.","337791424","0.009698279023568273","9609","Machinery"
"Slates and boards, with writing or drawing surfaces","205352432","0.005895842943911833","9610","Machinery"
"Hand-operated stamps","48303976","0.001386848226187487","9611","Machinery"
"Typewriter ribbons and ink pads","121445240","0.003486796111212742","9612","Machinery"
"Cigarette lighters","361249024","0.010371766666710022","9613","Machinery"
"Smoking pipes","93534768","0.0026854627264566817","9614","Machinery"
"Combs, hair-slides etc.","404605152","0.011616557969420956","9615","Machinery"
"Scent sprays","320738624","0.009208678634740447","9616","Machinery"
"Vacuum vessels","1148972416","0.03298797509066234","9617","Machinery"
"Mannequins","83771456","0.002405149736716148","9618","Machinery"
"Paintings and drawings","4272244480","0.12265977191871912","9701","Textiles"
"Original engravings","143409280","0.004117402376707554","9702","Textiles"
"Sculptures","777555456","0.022324278335100253","9703","Textiles"
"Postage or revenue stamps","15160300","0.0004352651045427432","9704","Textiles"
"Collectors pieces","517639360","0.014861866199602825","9705","Textiles"
"Antiques >100 years","505457216","0.014512106486291428","9706","Textiles"
"Commodities not specified according to kind","97823629312","2.808599581752224","9999","Other"
"Trade data discrepancies","35096100864","1.007638899732302","XXXX","Other"
"Travel and tourism","56850001920","1.6322118974534772","travel","Services"
"Transport","105258008576","3.0220469322370667","transport","Services"
"ICT","279014014976","8.01072962919066","ict","Services"
"Insurance and finance","108906004480","3.1267839967098054","financial","Services"